"",,,,Major Depression,,,ASD,,,ASD-MDMTAG,,,,
CHR,SNP,BP,β,SE P,,β,SE,P,β,SE P,,A1/A2,FRQ A,FRQ U
13,rs12552,"53,625,781",0.039,0.005 6.10 · 10−19,,0.032,0.014,2.18 · 10−2,0.047,0.009 3.72 · 10−8,,A/G,0.434,0.424
1,rs1432639,"72,813,218",0.039,0.005 4.60 · 10−15,,0.036,0.014,1.04 · 10−2,0.045,0.009 1.32 · 10−7,,A/C,0.611,0.598
15,rs8025231,"37,648,402",−0.030,0.005 2.40 · 10−12,,0.014,0.014,3.15 · 10−1,−0.017,0.009 4.78 · 10−2,,A/C,0.560,0.556
1,rs12129573,"73,768,366",0.039,0.005 4.00 · 10−12,,0.026,0.014,7.23 · 10−2,0.037,0.009 2.41 · 10−5,,A/C,0.371,0.364
18,rs12958048,"53,101,598",0.030,0.005 3.60 · 10−11,,−0.004,0.015,7.78 · 10−1,0.021,0.009 1.82 · 10−2,,A/G,0.327,0.328
5,chr5:87992715:I,"87,992,715",−0.030,0.005 7.90 · 10−11,,−0.003,0.014,8.31 · 10−1,,,,T/TA,0.407,0.405
10,rs61867293,"106,563,924",−0.041,0.006 7.00 · 10−10,,−0.051,0.017,2.86 · 10−3,−0.050,0.010 1.24 · 10−6,,T/C,0.207,0.216
14,rs915057,"64,686,207",−0.030,0.005 7.60 · 10−10,,−0.026,0.014,6.74 · 10−2,−0.033,0.009 9.39 · 10−5,,A/G,0.430,0.439
5,rs11135349,"164,523,472",−0.030,0.005 1.10 · 10−9,,0.013,0.014,3.69 · 10−1,−0.014,0.009 9.49 · 10−2,,A/C,0.441,0.432
11,rs1806153,"31,850,105",0.039,0.006 1.20 · 10−9,,0.058,0.017,6.59 · 10−4,0.057,0.010 4.14 · 10−8,,T/G,0.222,0.213
14,rs4904738,"42,179,732",−0.030,0.005 2.60 · 10−9,,−0.013,0.014,3.46 · 10−1,−0.026,0.009 2.13 · 10−3,,T/C,0.561,0.566
3,rs7430565,"158,107,180",−0.030,0.005 2.90 · 10−9,,−0.025,0.014,7.67 · 10−2,−0.034,0.009 7.51 · 10−5,,A/G,0.566,0.570
14,rs10149470,"104,017,953",−0.030,0.005 3.10 · 10−9,,−0.056,0.014,8.49 · 10−5,−0.049,0.008 8.52 · 10−9,,A/G,0.476,0.487
4,rs34215985,"42,047,778",−0.041,0.006 3.10 · 10−9,,−0.057,0.017,9.48 · 10−4,−0.055,0.010 1.59 · 10−7,,C/G,0.202,0.211
2,rs11682175,"57,987,593",−0.030,0.005 4.70 · 10−9,,−0.024,0.014,8.48 · 10−2,−0.033,0.008 1.01 · 10−4,,T/C,0.529,0.536
9,rs10959913,"11,544,964",0.030,0.006 5.10 · 10−9,,−0.031,0.016,5.80 · 10−2,0.007,0.010 4.69 · 10−1,,T/G,0.746,0.751
5,rs4869056,"166,992,078",−0.030,0.005 6.80 · 10−9,,−0.025,0.014,7.84 · 10−2,−0.032,0.009 2.51 · 10−4,,A/G,0.629,0.635
16,rs8063603,"6,310,645",−0.030,0.005 6.90 · 10−9,,−0.042,0.015,5.62 · 10−3,−0.041,0.009 6.97 · 10−6,,A/G,0.662,0.673
5,rs116755193,"124,251,883",−0.030,0.005 7.00 · 10−9,,−0.009,0.015,5.37 · 10−1,−0.025,0.009 3.64 · 10−3,,T/C,0.386,0.391
22,rs5758265,"41,617,897",0.030,0.005 7.60 · 10−9,,0.024,0.016,1.20 · 10−1,0.036,0.010 1.70 · 10−4,,A/G,0.278,0.271
17,rs17727765,"27,576,962",−0.051,0.009 8.50 · 10−9,,0.014,0.027,5.92 · 10−1,−0.029,0.016 7.11 · 10−2,,T/C,0.923,0.923
9,rs7856424,"119,733,595",−0.030,0.005 8.50 · 10−9,,0.000,0.015,9.94 · 10−1,−0.021,0.009 2.80 · 10−2,,T/C,0.287,0.286
16,rs7198928,"7,666,402",0.030,0.005 1.00 · 10−8,,−0.005,0.014,7.22 · 10−1,0.019,0.009 2.54 · 10−2,,T/C,0.610,0.610
1,rs2389016,"80,799,329",0.030,0.005 1.00 · 10−8,,0.011,0.015,4.86 · 10−1,0.029,0.009 2.35 · 10−3,,T/C,0.284,0.283
1,rs4261101,"90,796,053",−0.030,0.005 1.00 · 10−8,,−0.011,0.014,4.67 · 10−1,−0.026,0.009 2.74 · 10−3,,A/G,0.357,0.357
18,rs62099069,"36,883,737",−0.030,0.005 1.30 · 10−8,,−0.008,0.014,5.53 · 10−1,−0.024,0.009 5.74 · 10−3,,A/T,0.414,0.417
7,rs12666117,"109,105,611",0.030,0.005 1.40 · 10−8,,0.007,0.014,6.22 · 10−1,0.024,0.008 3.86 · 10−3,,A/G,0.474,0.474
18,rs11663393,"50,614,732",0.030,0.005 1.60 · 10−8,,0.005,0.014,7.09 · 10−1,0.022,0.008 9.85 · 10−3,,A/G,0.490,0.493
16,rs7200826,"13,066,833",0.030,0.006 2.40 · 10−8,,0.003,0.016,8.61 · 10−1,0.022,0.010 2.40 · 10−2,,T/C,0.257,0.258
2,rs1226412,"157,111,313",0.030,0.006 2.40 · 10−8,,0.012,0.017,4.84 · 10−1,0.032,0.011 2.60 · 10−3,,T/C,0.802,0.801
9,rs1354115,"2,983,774",0.030,0.005 2.40 · 10−8,,−0.009,0.014,5.22 · 10−1,0.015,0.009 9.35 · 10−2,,A/C,0.626,0.631
13,rs4143229,"44,327,799",−0.051,0.009 2.50 · 10−8,,−0.002,0.027,9.35 · 10−1,−0.037,0.017 2.57 · 10−2,,A/C,0.929,0.930
7,rs10950398,"12,264,871",0.030,0.005 2.60 · 10−8,,−0.017,0.014,2.16 · 10−1,0.010,0.009 2.34 · 10−1,,A/G,0.418,0.424
9,rs7029033,"126,682,068",0.049,0.009 2.70 · 10−8,,−0.014,0.025,5.87 · 10−1,0.027,0.015 7.65 · 10−2,,T/C,0.080,0.083
6,rs9402472,"99,566,521",0.030,0.006 2.80 · 10−8,,0.004,0.016,8.31 · 10−1,0.023,0.010 2.14 · 10−2,,A/G,0.235,0.234
12,rs4074723,"23,947,737",−0.030,0.005 3.10 · 10−8,,−0.010,0.014,4.78 · 10−1,−0.023,0.009 7.03 · 10−3,,A/C,0.403,0.404
1,rs9427672,"197,754,741",−0.030,0.006 3.10 · 10−8,,0.041,0.017,1.49 · 10−2,−0.005,0.010 6.26 · 10−1,,A/G,0.227,0.218
1,rs159963,"8,504,421",−0.030,0.005 3.20 · 10−8,,−0.021,0.014,1.36 · 10−1,−0.031,0.009 3.32 · 10−4,,A/C,0.569,0.577
16,rs11643192,"72,214,276",0.030,0.005 3.40 · 10−8,,0.035,0.014,1.31 · 10−2,0.038,0.009 1.14 · 10−5,,A/C,0.388,0.375
3,chr3:44287760:I,"44,287,760",0.030,0.005 4.60 · 10−8,,0.010,0.015,4.99 · 10−1,,,,A/AT,0.670,0.670
