affy,snp,sz,asd
8212413,rs2456973,FALSE,TRUE
10343904,rs10148671,TRUE,FALSE
12069402,rs783540,TRUE,FALSE
12084869,rs950169,FALSE,TRUE
12176372,rs4702,FALSE,TRUE
13716002,rs1620977,FALSE,FALSE
13716502,rs34305371,FALSE,TRUE
14930173,rs301800,FALSE,TRUE
15652810,rs2905426,FALSE,TRUE
18819114,rs6704641,FALSE,TRUE
20324519,rs10496091,FALSE,TRUE
22398323,rs35761247,FALSE,TRUE
22442521,rs1080500,TRUE,FALSE
22568310,rs1452075,FALSE,FALSE
23047667,rs13107325,TRUE,FALSE
23965547,rs1106568,FALSE,TRUE
24061823,rs851,FALSE,FALSE
24502599,rs3101246,FALSE,TRUE
25886669,rs12522290,FALSE,TRUE
27133315,rs16867576,TRUE,FALSE
30229962,rs140,FALSE,FALSE
31197888,rs11993663,TRUE,FALSE
31756553,rs4129585,FALSE,TRUE
35945093,rs112635299,FALSE,FALSE
37123094,rs117074560,FALSE,TRUE
